#{"t_start": 1729732228.177228, "env_id": "Walker-v0"}
r,l,t
-0.126627,500,4.342093
-0.089964,500,8.598409
