#{"t_start": 1729732333.490937, "env_id": "Walker-v0"}
r,l,t
-0.776599,500,3.938042
-0.680022,500,7.933213
