#{"t_start": 1729732424.542272, "env_id": "Walker-v0"}
r,l,t
-0.072491,500,2.387126
