#{"t_start": 1729732432.951693, "env_id": "Walker-v0"}
r,l,t
-0.71818,500,3.964744
-0.316662,500,8.023465
