#{"t_start": 1729732324.823585, "env_id": "Walker-v0"}
r,l,t
0.041522,500,2.533811
